workout_id,username,profile,hash_id,comment_time
1,fakeuser1,https://fake-profile-link1,2a5412ca7654d86988ac68d9a01596f4,1 day ago
1,fakeuser2,https://fake-profile-link2,965d7839e8867578df9304a08d811d02,3 days ago
1,fakeuser3,J,9bee0e1fc5e9ae67ccf54ea3d9a8e08d,4 days ago
1,fakeuser4,A,c712f1def6a8a5267881f93fa10ff618,5 days ago
1,fakeuser5,A,3e85015ab07c97c7f4e6732c49f7fa03,1 week ago
1,fakeuser6,https://fake-profile-link3,3ce14dba3aeadc11a833f16aee7fb173,2 weeks ago
1,fakeuser7,M,2c32ea61abfc7e7a9cd7c3648930ada6,2 weeks ago
1,fakeuser8,t,6a7f797df8250c67959e6751059cccc7,2 weeks ago
1,fakeuser9,https://fake-profile-link4,2d078e14d2dba89ef1adc58754ab9f81,2 weeks ago
1,fakeuser10,https://fake-profile-link5,5c4909ad6bb64023b1d09a5b0c9f2439,2 weeks ago
1,fakeuser11,https://fake-profile-link76,5141614495524814a075a07a523b7f1a,2 weeks ago
1,fakeuser12,https://fake-profile-link7,f6d215c20eec7124371f57edc6107ccd,2 weeks ago
1,fakeuser13,r,4378aa2b0769c982d865054480c63fd6,2 weeks ago
1,fakeuser14,https://fake-profile-link8,7c17e979037264e7368cda4eabb279bd,2 weeks ago
1,fakeuser15,https://fake-profile-link9,f04348717369e9f43c218e09d87c0656,2 weeks ago
1,fakeuser16,https://fake-profile-link10,af863c75a667370de277454505022281,2 weeks ago
1,fakeuser17,M,f0e1aa67347d2795c3b29a58fc943cb0,2 weeks ago
1,fakeuser18,https://fake-profile-link71,acf5b59b11efd84df6fa2ae7cbfdd073,1 week ago
1,fakeuser19,B,d38d4e519b4327b931be01503e399382,3 weeks ago
1,fakeuser20,https://fake-profile-link12,b96e5cba3bb61732eaf50f08eb6c5392,3 weeks ago
1,fakeuser21,A,6b56598b858b0f02bf38393f86f6b88e,3 weeks ago
1,fakeuser22,https://fake-profile-link13,79f4528d43cbb3dc0a816c558422ab7d,3 weeks ago
1,fakeuser23,https://fake-profile-link14,3d42d4bcc74fe84762b446f8f8c6a901,3 weeks ago
1,fakeuser24,https://fake-profile-link15,c7cb6bf21a7eac1a1efef0aebdbb9c90,3 weeks ago
1,fakeuser25,J,3cd5d04eec10e1af229f725764af54bf,3 weeks ago
1,fakeuser26,https://fake-profile-link16,bacf1170269cb80e3ac7e2113bd38f63,3 weeks ago
1,fakeuser27,https://fake-profile-link17,87ff01c17cdde2c24117981fd1343368,4 weeks ago
1,fakeuser11,https://fake-profile-link76,5141614495524814a075a07a523b7f1a,1 month ago
1,fakeuser28,S,821dc09aacdfd94098e4a81e6545c558,1 month ago
1,fakeuser29,F,260ae394d4a137dc6633aa6f92285b8a,1 month ago
1,fakeuser30,https://fake-profile-link19,80d21869075937efd2fe6bff9e487ca0,1 month ago
1,fakeuser31,https://fake-profile-link27,558e5844922c71bb66b41a129a58ed26,1 month ago
1,fakeuser32,G,2c717a996ace54bd54e2aa43ab7c6640,1 month ago
1,fakeuser33,H,51ef5c31c93918b42d2ace8f34da807c,1 month ago
1,fakeuser34,https://fake-profile-link79,24b3e31b044ccfb56a8ace79e9dd9f92,1 month ago
1,fakeuser35,https://fake-profile-link22,f00b7c1561f464cc5f259c5bea806666,1 month ago
1,fakeuser36,https://fake-profile-link23,82098ab11abdd2bf7b3ef4e5e52a2f92,1 month ago
1,fakeuser37,https://fake-profile-link24,50650f3ac773e33c96170323ec565897,1 month ago
1,fakeuser38,https://fake-profile-link82,14aed563c8aab30251dc8b785807b128,1 month ago
1,fakeuser39,https://fake-profile-link26,ea0857cb86dc3ded6b096ada11412f50,1 month ago
1,fakeuser31,https://fake-profile-link27,558e5844922c71bb66b41a129a58ed26,1 month ago
1,fakeuser40,N,5aa431e48312d33a5421bb3c21b94ceb,1 month ago
1,fakeuser41,K,576c1fb17a0ba1d6058b0fee26858a6e,1 month ago
1,fakeuser42,A,b1e4b21b6b10d647532620c4d0225f69,2 months ago
1,fakeuser43,https://fake-profile-link28,336f4299dbe6b67d8c2ce435ece44424,2 months ago
1,fakeuser11,https://fake-profile-link76,5141614495524814a075a07a523b7f1a,2 months ago
1,fakeuser44,D,bab2b2ba18fc988838186eedc746976c,2 months ago
1,fakeuser45,E,f3fa49e73a064016d72b688fab826bc8,2 months ago
1,fakeuser46,https://fake-profile-link30,d9d342fdb1ea8812095da4b021eb78e4,2 months ago
1,fakeuser47,D,990287dddfd97de275ba6f0f56610094,2 months ago
1,fakeuser48,https://fake-profile-link85,31249172dd402d409888862a6249e221,2 months ago
1,fakeuser49,S,4488950a282f5ba65cd39d48250348d7,2 months ago
1,fakeuser50,https://fake-profile-link32,5dd82f8fbb56d640e43ec18f8f6eca7e,2 months ago
1,fakeuser51,https://fake-profile-link33,05dc7ba71ce01388e6aa0ae903c9ed58,2 months ago
1,fakeuser52,L,8ecc38562691b1ba56ac3a674e22a929,2 months ago
1,fakeuser53,R,553e1fa0260cbd7b82279f5a3bf7aec8,2 months ago
1,fakeuser54,A,a70ec0a8c3b94591b42360f841c7c5c9,2 months ago
1,fakeuser55,J,6039188f2c1b19bd010587abb0f80f92,2 months ago
1,fakeuser56,K,dedf41488b82c3b44474d92a5c21ed08,2 months ago
1,fakeuser57,L,90eefebe749a75663f8ff6b1400a8cd5,2 months ago
1,fakeuser58,https://fake-profile-link34,3bc18d3c48593e81a350413006b34987,2 months ago
1,fakeuser59,https://fake-profile-link35,db58e817ca8be5f2a1e3c310b2275d67,2 months ago
1,fakeuser60,https://fake-profile-link36,0871401ea7dae7a23857b68575cd5fd2,2 months ago
1,fakeuser61,https://fake-profile-link37,b8aad032581a585a924e743880268e3f,2 months ago
1,fakeuser62,E,05ce7ea76e341a1e34378bbb9c93e48c,2 months ago
1,fakeuser63,e,9354ed1dae9acf33ef4d299ce563cdb5,2 months ago
1,fakeuser64,https://fake-profile-link63,656f99d6edc70a8f9383d9b9a2e28603,2 months ago
1,fakeuser65,https://fake-profile-link39,44afe98e5706e387496393f7782b93a8,2 months ago
1,fakeuser66,https://fake-profile-link40,db51cffea1636c11b8947a085ca216e1,2 months ago
1,fakeuser67,https://fake-profile-link41,93cfd8fdc47cd57f032543f75253499a,2 months ago
1,fakeuser68,https://fake-profile-link56,abbbb308923f8b6fd079fa9aeb0c9e41,2 months ago
1,fakeuser69,T,215e09784eed994d95454ad2ddc88e00,2 months ago
1,fakeuser70,D,82e262f4c74c204adf0664f806fc585b,2 months ago
1,fakeuser71,https://fake-profile-link43,69a7eb5458bc238431dc7b4e4b8b2c10,2 months ago
1,fakeuser70,D,82e262f4c74c204adf0664f806fc585b,2 months ago
1,fakeuser72,i,295d4bedf8ab222ef1469cc8069b246f,2 months ago
1,fakeuser73,https://fake-profile-link92,84f34432a9bfb89612a6a41e84196f46,2 months ago
1,fakeuser74,https://fake-profile-link45,bbe6af0811b53a1b891fb4c3dba9aeed,2 months ago
1,fakeuser75,https://fake-profile-link46,7499e1e791d2bcbff5ac74db59942472,2 months ago
1,fakeuser76,https://fake-profile-link47,d3977f512a5b39366d5b931265470651,2 months ago
1,fakeuser77,https://fake-profile-link48,992f1fba1540762e0f7ed0c43d52f929,2 months ago
1,fakeuser78,https://fake-profile-link49,47a1c460f2f1efdf11b2a6b3ccafba27,2 months ago
1,fakeuser79,https://fake-profile-link50,1827c599a7598e10754eff8e6a6f401c,2 months ago
1,fakeuser80,https://fake-profile-link51,f3c8c920f0e29c732216f9e611a3fbd7,2 months ago
1,fakeuser11,https://fake-profile-link76,5141614495524814a075a07a523b7f1a,2 months ago
1,fakeuser81,https://fake-profile-link53,c2da877115fa561b72f4bb7ee45524d5,2 months ago
1,fakeuser82,https://fake-profile-link54,76ce9b2a1f067ad603acc0872d089232,2 months ago
1,fakeuser83,https://fake-profile-link55,5295f5425c6ce08b6f013fae6a0b56f2,2 months ago
1,fakeuser68,https://fake-profile-link56,abbbb308923f8b6fd079fa9aeb0c9e41,2 months ago
1,fakeuser84,https://fake-profile-link57,6215684b4f27134db3b2eb0ecc161120,2 months ago
1,fakeuser85,https://fake-profile-link58,256b77107d051174a4b164ab6dd6c1fa,2 months ago
1,fakeuser86,B,107eac52aa3fff612114c612c8ce6d01,2 months ago
1,fakeuser87,A,3d29914aeb5e925cd8d9c793fcc6b250,2 months ago
1,fakeuser88,https://fake-profile-link59,2073caed2effc9f34bb76f24007013b6,2 months ago
1,fakeuser34,https://fake-profile-link79,24b3e31b044ccfb56a8ace79e9dd9f92,2 months ago
1,fakeuser89,V,8d0d32844bff559fdead32a31cbeda84,2 months ago
1,fakeuser90,R,13587d18587bd3091a8f56a13bc06102,2 months ago
1,fakeuser91,S,78a54bfe4ac1783dd968d01d24c193f2,2 months ago
1,fakeuser92,https://fake-profile-link61,a113b24efa027c37f83eefa9e3ec039b,2 months ago
1,fakeuser64,https://fake-profile-link63,656f99d6edc70a8f9383d9b9a2e28603,2 months ago
1,fakeuser93,T,be293cbaa50e10f68fdbe6a31b4ba91f,2 months ago
1,fakeuser25,J,3cd5d04eec10e1af229f725764af54bf,2 months ago
1,fakeuser64,https://fake-profile-link63,656f99d6edc70a8f9383d9b9a2e28603,2 months ago
1,fakeuser94,https://fake-profile-link64,05d858a9e3891a64ae129aa6bf9e272c,2 months ago
1,fakeuser95,M,dd396389e5c963ac21465698251e4995,2 months ago
1,fakeuser96,M,844a9dc683b385a371e40436923b2510,2 months ago
1,fakeuser97,https://fake-profile-link65,22df929a5c575435d21d3582a3a52644,2 months ago
1,fakeuser98,https://fake-profile-link66,cc969d2c89727fcf35f1b916b4e2f890,2 months ago
1,fakeuser99,https://fake-profile-link67,cf8c8682de902e9b7076762c288cfa5c,2 months ago
1,fakeuser100,https://fake-profile-link68,6e28d45f106e3f907097569537b55404,2 months ago
1,fakeuser101,https://fake-profile-link69,b4ee31e19d1711f174c68d6c89bdeaa1,2 months ago
2,fakeuser102,https://fake-profile-link70,c13556af2c307be671be35b7dbef7493,2 days ago
2,fakeuser103,M,2b132b0565bb0b40543228307985ad4c,2 days ago
2,fakeuser18,https://fake-profile-link71,acf5b59b11efd84df6fa2ae7cbfdd073,1 day ago
2,fakeuser104,https://fake-profile-link72,520132dd90b7196873f8c3d503af766e,2 days ago
2,fakeuser105,https://fake-profile-link73,8e923e2d50aacb71cb9e109eacf02371,3 days ago
2,fakeuser106,K,29812df5d8408854b40f60fc83763715,3 days ago
2,fakeuser107,c,9e2fc2f786b12bb15799ed564af87365,5 days ago
2,fakeuser87,A,3d29914aeb5e925cd8d9c793fcc6b250,6 days ago
2,fakeuser108,https://fake-profile-link74,b28f362da3ca19c85f6efc60c1f2eaa2,6 days ago
2,fakeuser109,J,fe9a560eb59bbab9da5320ee8dfc3037,6 days ago
2,fakeuser48,https://fake-profile-link85,31249172dd402d409888862a6249e221,3 days ago
2,fakeuser110,v,6dc61fdc63cfc2757e4f800adfb33274,6 days ago
2,fakeuser111,M,d18f556cc2a5882cfa525ddc320285f0,1 week ago
2,fakeuser11,https://fake-profile-link76,5141614495524814a075a07a523b7f1a,1 week ago
2,fakeuser112,C,8d1039e4e60e8be5ef6e13be4f9711a0,1 week ago
2,fakeuser113,L,3aea5d5f3ef2879e1e3498d7ecbcc335,1 week ago
2,fakeuser114,https://fake-profile-link77,66d732364a57b7b1735cb3188e60a705,4 hours ago
2,fakeuser115,https://fake-profile-link78,6e0c915f81778d1e58cd7a6d5eb1794e,1 week ago
2,fakeuser34,https://fake-profile-link79,24b3e31b044ccfb56a8ace79e9dd9f92,1 week ago
2,fakeuser116,https://fake-profile-link80,c9059c70d64f1253be667fac7e1c72a9,1 week ago
2,fakeuser117,https://fake-profile-link81,3a3dcc3a0cd984578aa6052e0e64e031,1 week ago
2,fakeuser38,https://fake-profile-link82,14aed563c8aab30251dc8b785807b128,1 week ago
2,fakeuser118,https://fake-profile-link83,6883270df07be911973744b27d5f37d6,1 week ago
2,fakeuser119,https://fake-profile-link84,0f61e6a517cc22c5424c63f5c7f6a39e,1 week ago
2,fakeuser120,G,c8646aa2828678cee7644d634f7fa5c5,1 week ago
2,fakeuser121,l,77eb38d2b51dfdcb4263160e42d54e27,1 week ago
2,fakeuser48,https://fake-profile-link85,31249172dd402d409888862a6249e221,1 week ago
2,fakeuser122,E,26f4af41c720b060ff10df79b333d94f,1 week ago
2,fakeuser123,J,4b0091bacf0600a1adfad658175211be,1 week ago
2,fakeuser123,J,4b0091bacf0600a1adfad658175211be,1 week ago
2,fakeuser123,J,4b0091bacf0600a1adfad658175211be,1 week ago
2,fakeuser73,https://fake-profile-link92,84f34432a9bfb89612a6a41e84196f46,1 week ago
2,fakeuser124,https://fake-profile-link87,61be6b9ac3257bb3e82f24ef1c2a93f2,1 week ago
2,fakeuser125,https://fake-profile-link88,6c3dfe7fdda9d48fc7ee0849a19bae39,1 week ago
2,fakeuser126,https://fake-profile-link89,0d8ecab8e5a53407870076cee0f3fe5a,1 week ago
2,fakeuser127,https://fake-profile-link90,1363e8ce9657e18106b304b8f07556c3,1 week ago
2,fakeuser73,https://fake-profile-link92,84f34432a9bfb89612a6a41e84196f46,1 week ago
2,fakeuser128,V,621bfbd4ea539bf273a8e997c7900f8c,1 week ago
2,fakeuser73,https://fake-profile-link92,84f34432a9bfb89612a6a41e84196f46,1 week ago
2,fakeuser129,R,7430ab588bbe0026412ab9340c3b2f8e,1 week ago
2,fakeuser130,https://fake-profile-link93,2cc778ee38e41462d9e746b4fc848f2c,1 week ago
2,fakeuser131,https://fake-profile-link94,860a5f6f8a9ed021411a92372709ca9f,1 week ago
2,fakeuser132,https://fake-profile-link95,cf7884522ef205ef71dcae878c801db4,1 week ago
2,fakeuser133,https://fake-profile-link96,c55bdea5340a793982d49e217aa86d69,1 week ago